0xSI_f33d,False,unrated site
ADMINUSLabs,False,clean site
AILabs (MONITORAPP),False,clean site
Abusix,False,clean site
Acronis,False,clean site
AlienVault,False,clean site
AlphaSOC,False,unrated site
Antiy-AVL,False,clean site
ArcSight Threat Intelligence,False,unrated site
Artists Against 419,False,clean site
AutoShun,False,unrated site
Bfore.Ai PreCrime,False,clean site
BitDefender,False,clean site
Bkav,False,unrated site
BlockList,False,clean site
Blueliv,False,clean site
CINS Army,False,clean site
CMC Threat Intelligence,False,clean site
CRDF,False,clean site
Certego,False,clean site
Chong Lua Dao,False,clean site
Cluster25,False,unrated site
Criminal IP,False,clean site
CyRadar,False,clean site
Cyan,False,unrated site
Cyble,False,clean site
DNS8,False,clean site
Dr.Web,False,clean site
ESET,False,clean site
ESTsecurity,False,clean site
EmergingThreats,False,clean site
Emsisoft,False,clean site
Ermes,False,unrated site
Feodo Tracker,False,clean site
Forcepoint ThreatSeeker,False,clean site
Fortinet,False,clean site
G-Data,False,clean site
Google Safebrowsing,False,clean site
GreenSnow,False,clean site
Gridinsoft,False,unrated site
Heimdal Security,False,clean site
IPsum,False,clean site
Juniper Networks,False,clean site
K7AntiVirus,False,clean site
Kaspersky,False,clean site
Lionic,False,clean site
Lumu,False,unrated site
MalwarePatrol,False,clean site
MalwareURL,False,unrated site
Malwared,False,clean site
Netcraft,False,unrated site
OpenPhish,False,clean site
PREBYTES,False,clean site
PhishFort,False,unrated site
PhishLabs,False,unrated site
Phishing Database,False,clean site
Phishtank,False,clean site
PrecisionSec,False,unrated site
Quick Heal,False,clean site
Quttera,False,clean site
Rising,False,clean site
SCUMWARE.org,False,clean site
SOCRadar,False,clean site
SafeToOpen,False,unrated site
Sangfor,False,clean site
Sansec eComscan,False,unrated site
Scantitan,False,clean site
Seclookup,False,clean site
Snort IP sample list,False,clean site
Sophos,False,clean site
Spam404,False,clean site
StopForumSpam,False,clean site
Sucuri SiteCheck,False,clean site
ThreatHive,False,clean site
Threatsourcing,False,clean site
Trustwave,False,clean site
URLQuery,False,clean site
URLhaus,False,clean site
Underworld,False,unrated site
VIPRE,False,unrated site
VX Vault,False,clean site
Viettel Threat Intelligence,False,clean site
ViriBack,False,clean site
Webroot,False,clean site
Xcitium Verdict Cloud,False,unrated site
Yandex Safebrowsing,False,clean site
ZeroCERT,False,clean site
alphaMountain.ai,False,clean site
benkow.cc,False,clean site
desenmascara.me,False,clean site
malwares.com URL checker,False,clean site
securolytics,False,clean site
